income_class,years_member,donated_prev_year,final_donation,donorwise_prediction,doughnation_prediction
medium,18,True,120,120,114
medium,18,True,120,120,142
high,6,True,80,80,98
medium,24,True,140,140,158
low,21,False,50,20,74
high,23,True,180,180,205
medium,14,True,100,100,107
medium,27,True,0,70,17
low,12,True,0,100,3
medium,24,True,0,30,32
low,6,False,0,0,0
high,7,True,110,110,117
medium,16,False,80,80,82
medium,17,False,0,90,7
medium,23,False,80,80,98
low,9,False,10,40,12
medium,27,True,150,150,176
low,10,True,0,0,0
medium,16,True,0,0,20
medium,28,False,0,110,16
medium,16,False,0,0,6
low,21,True,0,0,15
high,28,True,150,150,169
high,30,False,0,80,0
medium,15,False,0,70,0
low,12,False,0,0,17
medium,6,False,50,50,66
low,16,False,70,70,96
low,28,False,0,0,6
medium,15,True,90,0,105
medium,10,True,100,100,121
high,3,False,0,30,0
low,12,False,40,40,48
low,7,True,70,60,78
medium,30,False,0,0,11
low,16,True,0,0,28
low,4,False,0,0,0
medium,2,True,70,0,80
low,26,False,80,200,108
medium,28,True,150,150,172
medium,23,True,130,250,110
medium,3,True,50,70,66
medium,3,False,0,0,12
low,6,True,0,0,0
medium,23,True,160,160,188
medium,23,False,100,110,101
low,25,True,100,190,108
low,3,True,60,60,55
medium,4,True,60,20,75
low,27,False,0,0,28
low,28,True,120,10,117
low,22,True,90,0,75
medium,3,True,0,0,13
medium,2,True,60,30,66
medium,1,True,100,100,93
medium,21,True,120,170,143
medium,26,True,140,230,170
medium,19,True,130,170,139
low,8,False,0,130,0
low,23,True,0,40,0
medium,1,True,0,0,3
medium,25,False,70,70,78
medium,27,False,110,30,121
medium,22,False,90,90,100
medium,27,True,140,140,161
medium,18,True,0,0,15
medium,14,True,110,110,124
low,9,True,90,50,106
low,28,True,90,90,100
medium,21,False,90,90,96
low,5,True,0,80,5
medium,29,False,120,120,128
high,1,True,110,80,97
low,18,True,150,50,130
low,5,False,0,50,21
low,20,False,0,0,18
low,12,True,0,0,15
medium,13,False,50,50,55
medium,20,True,110,110,128
medium,23,True,0,70,0
medium,11,False,80,80,88
medium,30,True,150,150,165
medium,15,True,100,240,102
low,4,True,50,50,55
low,0,True,40,40,55
low,6,True,0,0,6
medium,21,True,140,140,130
medium,16,False,60,0,62
low,10,False,0,0,13
medium,14,True,0,0,12
low,25,True,120,120,147
medium,17,False,80,170,76
medium,1,True,0,0,7
low,1,True,0,50,24
low,14,False,0,110,20
medium,12,True,110,120,127
low,26,True,90,160,87
low,18,True,90,120,82
low,23,True,100,100,108
high,18,True,130,130,127
high,10,False,0,0,5
medium,20,True,140,100,169
low,19,False,0,0,0
high,22,False,0,0,0
medium,5,True,90,160,104
medium,19,True,0,0,15
medium,8,True,0,0,0
low,24,False,50,50,47
low,24,True,120,120,123
high,19,False,100,120,132
medium,29,False,110,110,151
low,16,False,0,10,6
low,0,False,0,0,8
medium,18,False,0,70,2
low,24,False,0,0,16
high,3,False,0,0,25
medium,3,False,0,0,23
medium,8,False,70,70,80
medium,26,False,0,0,2
medium,16,True,150,150,167
medium,30,False,130,140,139
medium,27,True,150,210,154
low,17,False,0,80,0
medium,21,True,90,90,104
low,10,False,50,0,60
medium,2,False,0,0,0
low,12,False,0,0,12
low,18,True,90,90,92
low,5,False,0,0,29
medium,6,False,40,0,29
low,0,False,0,0,17
high,22,False,100,0,120
medium,27,False,0,0,15
low,25,False,120,120,141
medium,11,True,130,290,148
low,18,False,90,90,108
high,29,True,0,0,11
medium,18,False,110,110,131
medium,9,False,60,60,86
low,10,True,40,0,43
medium,22,True,160,160,151
medium,13,True,130,100,148
high,25,False,130,140,139
medium,26,True,110,130,125
medium,1,True,0,50,13
low,22,False,0,0,25
low,11,True,0,0,0
medium,16,False,50,50,52
medium,8,True,0,0,25
low,11,True,0,0,0
medium,10,True,0,0,9
high,1,True,0,0,22
low,24,True,100,100,113
medium,4,False,0,0,17
low,11,True,50,0,66
medium,5,True,70,190,71
low,4,True,0,0,24
medium,11,True,50,50,41
medium,28,False,150,150,147
medium,29,True,0,0,14
low,11,False,0,0,5
high,15,True,120,150,129
low,30,True,110,110,124
low,7,True,0,0,28
medium,29,True,0,0,14
low,3,False,0,0,4
medium,7,True,90,90,104
medium,10,True,80,100,82
low,1,False,0,60,19
high,25,False,130,130,133
low,26,False,0,20,14
medium,11,False,0,0,0
low,25,False,0,0,0
high,23,False,130,230,142
low,24,False,0,0,27
low,24,True,0,10,0
medium,17,False,0,0,17
high,3,True,70,70,78
high,28,False,130,40,127
medium,18,False,90,120,96
high,27,True,200,170,216
high,29,False,100,10,112
medium,5,False,0,0,14
low,12,True,0,100,23
medium,5,True,70,0,70
medium,1,False,0,0,21
low,29,False,0,0,19
low,28,True,120,90,140
medium,28,True,170,170,148
low,27,False,0,0,6
high,20,True,170,190,162
low,16,True,80,80,89
low,30,True,110,0,112
medium,17,True,110,110,119
low,19,False,40,40,42
low,6,False,0,130,14
medium,23,False,0,0,15
high,25,False,110,70,117
low,21,True,110,110,125
low,15,True,0,0,8
medium,6,True,100,170,113
high,1,True,90,90,88
medium,19,True,140,140,175
low,21,True,90,90,80
low,23,True,120,80,145
low,29,True,120,90,134
low,15,False,0,0,20
medium,25,False,100,100,121
low,22,False,40,40,55
medium,8,False,0,0,27
medium,26,False,100,100,96
medium,1,True,0,20,8
low,18,False,0,0,1
medium,29,True,130,130,126
medium,20,True,100,250,115
medium,29,True,160,160,195
low,1,True,0,0,8
low,16,True,0,0,30
high,24,False,120,40,148
low,19,False,0,0,40
low,27,False,0,0,29
medium,14,False,80,80,110
medium,21,True,120,120,133
high,13,True,130,140,147
low,27,False,0,50,13
high,3,True,100,100,113
low,7,True,0,0,11
medium,2,True,80,140,105
medium,21,False,90,90,99
low,7,False,0,0,0
low,9,True,0,0,14
medium,25,False,100,100,112
high,11,True,0,0,4
medium,4,True,70,70,78
high,0,True,90,90,94
medium,7,True,90,0,103
medium,28,False,130,110,124
medium,17,True,130,100,144
low,30,False,0,0,12
low,6,True,0,30,9
medium,10,False,0,0,12
medium,5,False,30,0,27
low,12,False,70,50,86
medium,17,False,0,100,18
medium,25,False,110,50,134
high,11,True,140,80,147
medium,23,False,0,0,0
medium,19,False,0,0,5
low,9,True,0,20,24
medium,28,True,110,120,134
medium,13,True,0,0,2
high,4,True,130,130,113
medium,29,True,130,130,112
low,28,True,90,80,97
low,1,False,0,0,19
medium,27,True,0,0,20
medium,29,False,0,50,0
low,25,True,120,120,151
low,7,False,0,50,17
medium,19,True,100,100,110
low,16,True,0,0,9
medium,19,True,110,110,112
low,19,False,70,80,82
low,19,True,0,0,0
high,15,False,100,100,111
low,21,True,0,0,16
low,16,False,70,0,105
low,0,True,0,50,3
low,1,False,0,0,5
low,29,True,120,120,131
low,28,True,130,0,134
low,18,True,100,70,102
low,5,True,0,0,16
medium,24,True,140,130,144
medium,4,False,80,150,94
low,11,True,0,0,3
low,10,True,40,10,43
medium,0,False,0,0,27
high,25,True,200,260,193
high,15,True,110,110,111
low,9,False,0,0,0
low,15,False,0,0,12
low,0,False,0,0,20
low,13,True,80,120,90
medium,16,False,0,0,9
medium,10,True,100,80,123
low,25,False,0,0,13
low,7,False,0,0,18
medium,4,False,0,0,17
low,16,True,0,0,0
medium,27,True,100,100,102
low,11,False,0,0,0
high,1,True,0,0,2
low,30,True,0,0,25
medium,13,False,90,90,100
high,5,False,0,0,29
high,19,True,140,140,139
medium,9,True,0,0,0
medium,29,True,180,180,187
medium,9,True,0,0,7
medium,17,True,130,70,138
low,16,False,0,0,9
medium,7,False,0,60,9
medium,15,True,90,50,98
high,3,True,70,70,89
medium,19,False,60,60,82
low,23,False,0,0,26
medium,29,False,0,0,8
low,10,True,40,40,46
low,8,False,0,0,5
medium,17,True,110,110,133
medium,21,True,0,0,17
low,30,False,0,30,0
low,0,True,40,40,34
low,7,True,0,0,2
low,8,True,0,0,12
low,7,True,0,0,10
medium,14,True,0,0,15
low,27,False,0,90,8
high,0,True,100,100,127
high,25,True,170,170,183
medium,19,False,80,80,98
low,19,True,0,20,21
medium,21,False,90,90,83
medium,3,True,0,0,9
medium,23,False,130,250,137
medium,7,True,0,40,16
medium,16,False,0,20,0
medium,20,True,170,130,202
low,18,False,60,60,79
medium,10,True,110,110,114
low,12,False,0,30,22
medium,14,True,120,120,142
high,1,True,100,100,107
low,22,True,0,0,17
medium,3,True,80,100,86
low,14,True,70,0,90
medium,20,False,100,70,118
low,2,True,90,90,117
high,30,True,190,230,213
low,11,True,0,0,20
high,0,True,0,0,17
medium,20,True,0,160,22
medium,17,False,80,70,116
medium,19,True,140,150,164
medium,23,False,0,0,5
high,14,True,0,0,15
low,25,True,0,0,15
medium,11,False,0,0,16
low,16,True,0,0,25
medium,4,True,0,0,0
low,19,False,0,0,25
medium,8,False,0,0,29
medium,21,False,90,160,114
medium,24,True,150,210,184
medium,26,False,130,130,137
medium,28,False,90,90,99
medium,3,False,0,0,17
medium,4,True,100,90,97
medium,28,True,140,140,160
high,11,True,110,110,133
low,0,True,0,0,19
low,8,False,0,0,18
low,25,True,100,100,99
medium,11,True,0,0,18
medium,2,True,50,50,85
medium,22,True,110,110,116
medium,6,True,90,90,111
low,10,True,0,0,1
high,0,True,0,0,10
medium,18,False,0,0,4
low,13,True,60,60,87
low,26,True,0,0,26
low,10,True,0,70,9
low,6,True,40,40,66
low,5,True,20,140,45
high,6,True,120,170,120
medium,13,True,0,80,11
low,2,True,50,50,68
medium,12,False,0,0,2
medium,26,True,170,210,162
high,23,True,120,120,127
medium,19,False,0,0,5
medium,27,True,120,120,128
low,24,True,80,10,91
high,20,True,140,80,124
medium,26,True,160,160,185
high,3,True,110,240,141
low,25,False,0,0,16
high,9,False,100,100,120
medium,22,False,50,50,68
low,28,True,100,100,99
medium,15,True,90,220,86
medium,2,True,80,0,103
low,11,True,0,30,11
medium,12,True,0,40,19
medium,29,True,140,140,154
low,29,True,120,210,120
medium,17,True,120,260,119
medium,29,True,150,110,169
low,13,False,40,40,41
high,12,True,130,130,129
medium,25,False,120,120,131
low,20,True,80,80,67
high,16,True,130,170,135
high,14,True,150,160,169
low,21,True,0,0,13
medium,23,True,160,160,144
low,15,True,0,0,15
high,0,False,60,60,62
medium,3,True,60,90,72
medium,4,True,0,30,9
low,14,False,0,0,7
high,19,True,0,0,9
low,24,False,0,0,36
low,7,True,60,60,59
low,24,True,100,100,99
medium,20,True,120,120,157
low,1,True,0,0,0
high,10,False,0,80,0
medium,9,True,90,90,86
low,27,True,130,210,144
low,28,True,140,130,139
low,25,False,0,0,8
medium,16,False,100,240,109
medium,15,False,60,60,55
low,9,False,50,20,61
medium,23,False,90,90,84
low,2,True,0,0,13
medium,8,False,60,170,75
high,4,True,130,130,149
medium,15,True,110,110,108
medium,9,False,90,130,88
medium,6,True,0,50,0
low,11,True,0,180,8
low,26,True,100,100,116
low,17,True,90,180,99
medium,25,False,110,110,91
medium,28,True,0,0,3
medium,27,False,110,100,102
high,10,True,110,120,107
low,27,False,0,0,17
medium,28,True,170,170,161
low,29,False,0,0,13
low,10,True,30,50,43
medium,7,True,100,80,102
high,18,True,130,130,157
medium,28,True,140,140,137
low,27,True,120,120,138
medium,17,False,0,80,3
low,4,False,0,0,6
high,13,False,100,100,102
medium,22,True,150,100,168
low,17,True,90,90,116
low,10,False,0,80,0
low,10,False,0,0,13
high,1,True,100,100,82
medium,8,False,0,10,7
medium,20,True,90,150,100
medium,7,False,0,0,6
medium,30,False,130,150,140
low,2,False,0,0,17
high,18,True,150,150,169
low,15,False,0,0,2
medium,25,True,140,160,161
medium,27,False,0,0,0
medium,16,True,60,60,63
high,19,False,0,0,23
low,21,False,0,0,0
medium,16,True,0,150,7
medium,5,True,80,80,78
medium,13,False,0,0,30
low,7,True,0,0,5
low,14,True,0,0,5
low,19,True,120,230,126
low,6,True,60,60,67
medium,7,False,0,0,13
medium,25,False,50,220,51
medium,11,True,90,90,108
medium,6,True,60,80,71
medium,22,True,130,200,144
low,22,True,100,100,102
medium,25,False,0,50,12
low,23,True,0,0,8
low,30,True,0,0,25
medium,17,False,0,0,11
medium,8,True,90,200,97
low,26,False,0,0,5
medium,8,True,80,40,90
medium,9,True,0,90,12
medium,25,True,140,140,133
medium,27,False,0,0,3
medium,10,False,0,0,11
low,22,True,100,100,107
medium,28,True,0,0,14
medium,24,True,150,110,110
medium,0,False,0,20,1
medium,20,False,110,110,116
low,5,False,0,80,10
medium,26,False,130,270,126
medium,2,True,0,0,5
high,30,False,110,110,113
high,5,False,0,0,6
medium,13,True,0,0,0
medium,7,False,0,0,18
medium,25,True,120,160,144
low,12,False,0,0,12
medium,23,False,90,130,98
medium,2,False,0,0,0
low,14,True,0,0,5
low,28,True,0,0,2
medium,28,False,80,140,90
low,6,False,0,0,16
low,12,True,0,0,13
low,12,False,50,50,76
low,17,True,70,20,64
low,16,False,0,0,4
medium,3,False,0,0,20
low,23,True,130,130,143
medium,6,True,110,80,125
high,9,False,0,0,28
low,26,False,0,0,16
low,21,False,110,150,125
medium,12,True,110,90,119
low,28,False,80,40,107
low,12,True,0,0,12
high,17,True,150,150,155
high,7,True,140,80,145
medium,5,False,0,0,19
low,15,False,60,100,77
medium,17,False,60,0,79
medium,24,False,0,0,15
low,12,True,0,0,16
medium,27,True,140,110,140
low,18,True,90,20,112
low,2,True,40,10,37
medium,22,True,110,110,130
low,17,False,0,0,0
low,12,False,0,0,9
medium,14,False,0,150,4
high,9,True,0,0,11
medium,19,True,130,110,140
medium,17,True,0,0,0
high,13,True,100,100,111
low,8,True,40,160,60
medium,12,True,0,0,0
low,15,True,40,40,41
low,14,False,0,0,19
medium,9,True,0,0,11
medium,18,True,110,10,112
medium,7,True,0,0,20
low,15,True,50,0,45
low,3,True,0,80,5
high,14,True,170,170,199
low,24,False,60,60,58
low,25,True,120,30,136
low,21,False,0,10,0
medium,23,True,130,130,123
medium,2,True,0,0,0
medium,10,True,90,230,113
low,20,True,80,80,86
low,24,True,130,130,127
medium,18,False,90,320,85
medium,26,True,0,0,7
medium,8,False,0,0,19
medium,4,True,0,0,13
medium,2,True,0,0,9
low,18,True,100,100,90
low,20,True,0,0,7
medium,8,True,0,0,11
low,24,False,0,0,0
medium,22,False,0,80,17
medium,11,False,0,0,19
medium,7,True,0,0,5
high,23,False,90,140,105
medium,20,False,0,0,9
high,5,False,40,0,61
medium,7,False,0,0,30
high,15,False,0,0,0
low,15,False,0,0,18
medium,5,False,0,0,23
medium,29,True,140,140,148
low,12,False,0,0,4
low,11,True,80,80,84
high,1,False,0,0,9
medium,27,False,100,70,110
low,7,True,70,70,87
low,30,True,0,0,18
low,15,True,0,0,0
low,27,True,90,30,82
high,5,True,100,120,112
medium,5,False,0,0,16
low,24,False,0,0,0
medium,25,False,0,0,16
low,16,True,0,0,23
low,0,True,0,0,10
medium,29,True,170,170,178
medium,12,False,90,90,113
high,29,True,190,160,199
medium,26,True,140,140,150
medium,26,True,130,150,140
medium,21,False,110,110,136
high,20,True,160,160,170
medium,16,False,80,80,75
high,0,False,0,0,14
medium,12,False,90,90,89
high,22,True,180,200,181
low,25,True,90,90,92
medium,17,True,110,170,131
medium,21,True,130,200,120
medium,0,False,0,0,13
medium,14,True,90,110,116
high,15,True,170,170,199
high,27,True,170,170,193
low,9,False,0,0,14
medium,7,True,120,40,125
medium,10,False,0,0,2
low,5,True,0,120,2
low,17,False,30,150,43
low,19,False,60,60,64
medium,24,True,0,0,14
medium,30,True,160,130,176
high,2,True,110,110,117
medium,7,True,80,80,87
high,9,True,120,120,117
medium,7,False,0,0,2
medium,25,False,0,20,0
low,4,True,0,0,3
medium,0,False,50,50,58
medium,26,True,100,130,104
high,29,False,150,50,177
medium,7,True,50,0,62
low,10,False,0,10,29
low,15,False,0,0,17
low,16,True,0,0,21
low,30,True,100,70,99
medium,12,True,70,70,75
medium,0,False,0,0,6
medium,13,True,0,0,10
high,17,False,80,0,91
medium,16,False,90,100,87
medium,15,False,0,0,14
low,28,True,90,0,87
low,25,True,100,100,99
medium,7,False,0,0,0
high,11,True,150,150,153
low,20,False,90,90,90
medium,12,True,100,100,95
medium,13,True,0,0,16
low,5,False,0,0,16
medium,7,True,0,0,3
high,22,True,0,0,0
medium,26,True,140,140,140
low,24,True,80,110,94
high,9,False,80,80,92
low,4,True,0,20,14
high,4,True,80,80,115
low,12,True,0,0,27
medium,16,False,0,0,5
low,27,True,100,80,117
low,27,False,60,60,60
high,0,False,0,0,20
low,21,True,110,110,134
low,9,False,0,20,0
low,6,False,0,0,0
medium,17,True,150,150,138
medium,1,True,0,0,0
high,10,False,120,120,138
low,17,False,80,0,107
medium,8,False,0,0,7
low,18,False,0,0,19
medium,14,True,130,130,168
high,24,False,150,150,180
medium,5,False,0,0,10
medium,1,True,0,0,8
low,16,True,80,90,91
high,7,True,90,200,113
medium,21,False,0,0,15
low,2,True,20,20,35
low,17,False,0,20,9
low,30,True,100,100,89
low,2,True,0,0,19
low,9,False,0,0,0
medium,26,True,110,90,127
medium,16,False,110,50,129
low,5,True,70,60,69
medium,6,False,0,0,4
high,23,True,150,150,190
medium,26,False,90,90,104
medium,11,False,0,100,0
low,14,True,70,70,88
high,24,True,150,280,151
low,5,True,0,0,0
low,6,False,0,0,15
high,24,False,140,100,147
medium,5,True,90,90,98
medium,23,True,150,150,162
medium,15,False,100,100,117
medium,30,True,170,110,193
low,1,False,0,0,0
low,29,True,100,170,121
low,6,False,0,0,7
low,1,False,0,90,24
high,22,True,120,160,141
low,16,True,100,0,105
medium,25,True,160,70,185
medium,3,False,50,90,61
medium,2,True,0,0,10
medium,17,False,0,0,6
medium,27,False,100,100,128
high,12,True,90,160,96
medium,24,False,0,30,0
medium,28,True,110,110,120
high,26,False,100,100,112
medium,15,True,120,150,118
low,21,False,0,0,8
medium,16,False,0,0,21
low,20,False,0,0,1
medium,17,False,0,0,0
high,16,True,130,130,130
medium,13,False,50,50,58
medium,20,False,100,0,88
low,23,False,0,0,0
high,28,True,180,210,204
low,19,True,100,100,116
low,3,False,0,0,14
low,18,True,100,140,119
low,9,False,0,0,0
medium,0,False,0,0,13
medium,2,False,0,0,19
low,18,True,0,0,21
low,29,False,0,50,17
low,15,True,0,0,15
low,13,True,0,60,0
low,2,False,10,10,19
medium,20,True,0,0,0
low,1,True,70,70,104
low,26,True,80,0,102
low,25,True,0,80,0
medium,30,False,140,140,139
low,8,True,0,20,12
low,5,True,10,10,30
high,9,False,90,90,80
low,24,True,130,40,124
medium,6,False,90,90,102
medium,27,False,90,90,77
low,4,False,0,0,12
medium,1,False,0,0,16
medium,6,True,80,60,101
medium,23,False,0,0,4
low,18,True,110,110,131
low,10,True,100,80,112
low,20,False,0,0,0
medium,20,True,0,0,19
medium,17,False,100,100,117
low,15,False,60,0,70
low,3,False,0,0,11
high,8,True,0,0,9
low,16,True,110,80,126
medium,4,False,50,50,55
medium,14,True,80,80,94
low,3,True,0,0,4
low,24,False,0,40,1
low,3,False,0,0,12
high,2,False,40,40,43
low,19,True,0,0,18
low,6,True,0,0,16
low,10,False,0,0,2
low,9,True,0,0,12
medium,6,True,90,60,101
low,23,True,80,0,71
medium,21,True,130,90,141
medium,7,True,60,0,66
medium,21,True,0,0,15
low,22,False,0,0,11
high,16,True,110,80,139
medium,17,False,120,120,134
low,28,True,120,120,129
medium,14,False,80,150,114
high,11,True,80,80,81
low,16,True,70,70,69
high,25,True,170,110,161
medium,21,True,130,160,122
medium,2,True,30,100,38
high,14,False,0,0,16
low,22,False,0,0,13
medium,6,True,110,40,97
low,30,True,110,110,99
medium,25,False,0,0,10
medium,26,False,0,70,17
low,2,True,0,0,34
medium,17,False,100,100,117
low,16,True,0,0,0
low,19,False,0,0,9
low,26,True,140,140,144
low,10,True,0,0,5
low,16,True,0,0,15
low,21,False,30,30,16
medium,23,True,100,90,125
medium,23,False,130,100,158
medium,10,False,0,0,9
low,30,False,0,0,25
high,0,True,70,150,66
medium,15,True,110,110,124
low,18,True,0,0,18
low,1,False,0,30,12
medium,13,False,0,0,0
low,18,True,0,0,24
medium,18,False,70,0,75
high,3,True,0,70,5
low,8,True,30,30,36
low,7,True,90,90,102
high,19,False,90,110,93
medium,10,True,90,90,111
low,17,True,100,100,119
high,22,False,150,150,171
high,24,True,150,210,144
medium,5,True,70,0,92
medium,28,True,140,140,172
low,5,True,0,0,2
low,0,True,0,0,0
medium,1,True,0,0,32
low,6,False,0,0,17
medium,27,True,180,180,196
medium,6,False,0,0,27
low,21,True,120,120,140
medium,12,True,80,80,71
low,1,True,0,0,2
high,13,True,110,110,125
low,0,True,0,0,0
medium,14,True,120,120,114
medium,17,False,0,0,17
low,16,False,100,100,101
medium,8,True,0,0,13
medium,23,False,120,200,143
medium,18,False,100,110,114
medium,7,False,90,170,94
high,13,True,100,150,104
medium,3,True,0,0,18
medium,28,True,0,0,0
low,23,True,0,60,12
medium,8,True,0,30,10
medium,20,False,0,0,21
medium,21,False,70,0,77
low,18,True,0,0,5
high,1,True,100,0,94
low,27,True,110,110,130
medium,29,True,160,160,183
low,30,False,160,160,138
high,30,True,0,0,2
low,28,False,0,0,15
low,22,False,0,0,0
high,1,False,0,0,0
high,14,False,80,80,101
low,7,True,70,0,75
medium,6,True,90,180,108
medium,25,True,120,120,112
high,25,False,170,170,156
low,16,True,70,70,95
medium,22,False,90,90,114
medium,4,True,90,90,115
medium,6,True,0,0,22
medium,26,True,160,250,153
medium,13,False,80,80,78
low,16,True,110,10,128
high,14,True,120,120,142
high,6,True,130,40,144
medium,25,False,120,40,135
low,23,False,0,0,17
low,21,True,60,0,79
medium,10,False,0,0,11
low,19,True,110,110,120
high,29,False,80,80,90
low,20,True,100,80,114
medium,15,True,130,130,123
high,8,False,70,70,62
low,16,True,80,60,78
low,11,True,50,50,59
medium,18,False,0,0,10
medium,1,False,30,40,50
medium,5,True,70,70,92
medium,24,False,0,60,23
high,11,False,90,20,128
medium,13,True,0,0,2
low,16,False,0,0,0
low,13,True,0,30,19
low,23,False,0,0,24
low,7,True,50,0,73
low,23,True,90,90,111
medium,6,True,0,70,0
low,11,True,0,0,14
high,18,False,90,90,102
low,27,False,90,120,101
low,7,True,80,100,106
medium,18,True,80,40,97
high,1,True,90,90,81
low,2,True,0,70,0
low,23,True,100,100,109
low,22,False,0,0,2
medium,11,False,0,110,25
medium,19,True,120,120,110
low,11,True,0,10,16
low,8,False,0,0,13
medium,13,True,90,90,94
high,9,True,120,50,125
medium,25,True,120,120,111
medium,12,True,0,0,5
low,9,True,0,130,5
low,16,False,0,0,21
low,23,True,110,90,112
medium,8,False,0,50,15
high,29,True,180,180,182
high,14,False,0,90,15
high,20,True,150,150,158
high,29,True,160,160,202
high,13,True,0,0,9
low,6,True,40,40,20
low,23,True,0,0,3
low,0,False,0,0,1
medium,14,True,100,100,102
low,30,True,0,0,6
medium,12,True,0,0,3
medium,21,False,50,50,52
medium,16,False,0,0,0
low,6,False,0,0,18
low,9,False,20,20,42
low,16,False,60,140,69
high,3,False,0,90,10
medium,12,True,100,100,111
medium,12,False,0,0,11
low,25,False,100,100,106
low,3,True,0,30,8
medium,26,False,90,90,96
medium,12,True,0,0,13
medium,20,True,130,180,143
low,17,True,0,0,22
high,9,False,0,130,8
low,28,False,0,0,27
high,6,True,110,110,115
low,1,True,30,0,60
low,23,True,0,0,22
medium,19,True,130,130,139
low,27,False,0,70,3
medium,14,True,70,70,72
medium,0,True,80,160,88
low,0,True,0,0,11
medium,13,False,0,20,4
high,7,True,100,140,116
high,28,False,120,120,137
low,3,True,0,0,18
medium,27,True,140,190,155
low,6,False,0,0,20
low,3,True,50,50,70
low,8,False,0,0,22
high,4,True,110,140,134
high,12,False,100,60,106
medium,10,False,70,0,74
medium,16,False,0,80,28
medium,16,True,140,100,157
medium,0,False,0,0,17
medium,3,False,0,0,6
medium,5,True,70,160,65
low,6,True,0,0,0
low,2,False,0,0,14
high,9,True,110,110,113
medium,17,False,0,0,14
high,9,False,0,40,21
low,10,True,50,60,67
medium,14,False,0,0,2
low,17,False,0,10,16
low,10,True,0,0,12
low,6,False,0,0,4
low,12,True,70,110,79
high,0,True,0,0,11
low,15,False,0,0,4
medium,29,True,190,180,205
medium,12,False,0,0,24
medium,3,True,80,120,99
medium,21,True,0,0,12
low,3,True,0,0,11
high,6,False,0,0,0
medium,4,False,0,0,27
medium,27,False,100,140,122
medium,30,False,0,0,18
low,17,False,0,0,0
high,19,False,100,170,107
low,20,True,80,80,95
low,18,False,70,70,82
low,16,False,40,0,46
medium,30,False,110,200,120
medium,22,True,140,430,153
medium,2,True,60,60,64
medium,12,False,0,0,4
low,30,True,90,120,97
high,12,True,130,60,168
medium,6,False,0,0,18
medium,26,True,130,60,160
low,19,True,60,60,76
high,17,True,0,0,25
low,13,True,0,70,0
low,3,False,0,0,30
medium,11,False,0,0,32
low,13,False,0,0,15
low,28,False,0,0,18
medium,9,False,0,0,10
low,4,True,0,0,8
high,13,False,0,0,4
low,30,True,100,100,100
medium,14,True,130,60,117
medium,11,False,0,40,14
medium,20,False,80,80,106
medium,20,True,0,0,11
medium,9,False,50,30,47
high,30,True,190,310,223
low,18,True,110,40,115
low,1,True,0,0,4
medium,12,True,140,140,142
medium,28,True,110,110,116
low,12,True,100,100,93
medium,17,True,120,120,130
high,18,True,0,0,0
medium,21,False,0,10,16
high,27,False,130,130,162
medium,4,False,0,0,0
medium,16,True,90,180,115
low,16,False,0,0,19
high,4,False,0,0,3
low,20,True,70,70,69
medium,3,True,0,0,0
medium,14,True,0,0,4
medium,10,True,90,0,107
medium,4,True,90,50,86
medium,25,True,130,100,149
high,7,True,150,30,150
medium,7,False,10,20,7
medium,26,True,140,140,161
low,27,True,110,150,117
medium,1,False,0,0,2
medium,8,True,0,0,14
low,21,True,0,50,28
low,24,True,0,10,32
medium,30,True,130,150,137
medium,17,True,120,120,107
medium,0,True,30,0,49
low,27,True,0,0,22
low,4,False,0,0,0
low,3,False,0,30,11
medium,20,True,120,120,132
high,18,True,140,140,136
low,1,True,70,0,66
medium,5,False,0,0,4
low,18,False,80,0,90
low,7,True,50,80,73
low,21,True,110,110,143
low,12,True,90,50,100
medium,18,False,70,70,62
high,14,False,0,0,3
low,11,True,70,80,75
medium,10,False,0,0,17
medium,21,True,90,90,104
high,15,False,90,90,105
medium,18,False,100,30,90
low,17,True,90,40,107
medium,6,True,110,110,130
low,28,False,60,60,84
high,17,True,180,180,190
low,22,False,0,0,3
medium,27,True,0,0,18
low,28,False,0,0,6
medium,20,True,100,160,109
high,24,True,150,150,180
medium,14,True,100,100,103
medium,22,True,120,180,134
high,9,True,100,100,102
high,22,False,0,0,19
low,2,True,0,0,9
medium,28,True,160,160,182
medium,7,True,0,0,7
medium,20,True,100,100,113
low,0,False,0,0,7
low,4,False,0,0,4
high,30,True,140,140,184
high,25,False,0,0,10
medium,6,False,70,70,79
high,4,False,0,0,0
medium,25,True,160,30,212
medium,30,True,150,150,157
medium,5,True,80,40,108
medium,20,False,70,90,80
medium,8,False,0,130,11
low,23,True,100,100,112
medium,12,True,90,200,125
low,3,False,0,50,0
low,10,False,0,0,12
medium,16,True,80,210,89
medium,24,False,80,80,92
low,0,True,0,0,11
medium,29,True,140,170,150
high,20,True,170,170,165
low,27,False,60,60,65
low,28,False,100,70,96
low,4,True,50,50,66
medium,2,True,0,110,17
medium,24,True,140,140,135
low,5,True,60,110,88
medium,4,True,70,100,102
low,14,True,0,0,18
low,28,True,110,60,127
high,24,True,150,150,148
low,16,True,80,80,97
low,6,False,0,0,26
medium,10,True,100,100,120
medium,21,False,0,0,4
high,4,False,0,160,10
high,16,False,0,0,16
low,0,True,0,30,18
low,10,True,70,30,91
medium,7,False,0,0,4
low,21,True,90,90,107
high,28,True,180,180,156
medium,4,True,30,50,30
low,24,True,120,20,126
medium,20,True,0,0,1
low,30,False,0,0,22
medium,28,True,130,130,153
medium,3,True,0,0,9
medium,23,False,130,130,137
medium,18,True,130,100,132
medium,3,False,0,0,0
high,7,True,80,80,115
high,28,True,170,170,191
medium,16,False,0,0,14
low,10,True,50,30,54
medium,9,True,100,100,96
high,25,False,120,120,120
low,8,False,0,0,11
medium,4,False,10,10,23
medium,17,True,110,110,120
low,30,True,100,100,91
medium,5,False,40,160,65
low,7,True,0,20,12
medium,14,True,0,110,15
medium,6,False,0,60,6
medium,20,True,120,110,122
medium,7,True,0,20,9
low,3,True,0,0,7
medium,8,True,90,90,110
medium,28,False,0,0,19
medium,28,False,0,0,18
high,15,True,130,130,161
low,12,True,0,0,28
high,25,True,190,190,192
low,6,True,0,10,21
low,20,True,90,100,111
medium,21,False,0,0,0
low,22,True,0,60,8
low,6,True,0,0,1
low,22,False,0,0,12
medium,18,True,90,10,98
medium,27,False,120,120,135
low,5,True,0,0,20
medium,19,True,110,180,135
medium,25,False,90,40,117
low,8,True,0,0,0
low,23,True,0,0,0
high,3,True,60,60,97
medium,22,False,0,0,20
medium,18,False,100,100,92
medium,5,True,110,150,117
low,2,False,10,0,19
low,23,False,0,0,0
medium,7,True,100,100,100
low,15,True,0,70,9
medium,1,True,0,0,3
medium,29,True,150,150,159
medium,17,True,130,130,164
medium,28,True,150,70,178
low,4,True,0,0,13
low,6,True,0,0,12
low,18,False,0,0,16
medium,18,True,120,120,133
low,24,False,0,90,22
low,28,False,0,0,14
low,25,False,80,130,83
low,4,False,30,30,42
medium,9,False,0,0,8
low,28,True,130,130,154
high,17,False,110,0,143
low,26,True,100,200,130
medium,17,False,0,40,15
medium,1,True,0,0,13
low,14,True,70,70,71
high,25,True,210,110,199
high,20,False,80,80,101
high,4,True,0,0,15
low,6,True,0,0,0
low,26,True,110,170,120
medium,30,True,0,90,16
low,23,False,0,0,22
medium,3,False,0,0,15
medium,19,True,120,120,137
medium,25,True,120,120,150
medium,19,True,140,60,166
medium,18,True,0,0,14
low,14,False,0,0,4
low,7,False,0,0,21
medium,8,True,50,50,47
medium,23,False,90,110,112
low,2,True,20,20,32
medium,2,False,0,0,20
medium,12,True,70,70,75
medium,24,False,0,180,11
medium,20,True,130,130,138
low,18,False,0,0,14
low,16,True,0,200,0
medium,3,True,120,120,130
low,10,True,0,0,0
medium,2,True,0,0,3
medium,23,True,120,230,107
low,23,False,90,90,94
low,8,False,0,0,14
low,9,True,50,10,67
high,9,False,80,70,103
medium,27,False,100,100,112
low,15,True,0,90,16
high,23,True,130,130,152
medium,13,True,140,80,160
medium,21,True,110,110,119
high,16,False,100,100,120
low,8,False,0,0,6
low,27,False,60,120,83
medium,21,True,110,140,112
low,23,False,50,0,57
medium,29,False,100,100,114
low,7,True,0,0,7
low,2,False,0,0,0
low,18,True,70,70,95
medium,10,True,80,80,82
low,13,True,70,80,84
low,7,True,0,0,8
high,12,False,100,100,98
low,12,True,70,80,76
low,10,True,0,0,10
low,23,True,0,0,3
low,18,True,60,160,70
low,14,True,0,0,10
medium,3,True,0,0,19
low,17,False,40,0,37
high,5,True,0,0,2
high,9,False,0,0,17
low,12,True,0,0,4
low,4,False,0,80,1
low,12,False,0,0,4
medium,8,True,130,60,135
low,26,True,140,140,127
high,26,False,160,160,165
medium,0,True,80,80,82
medium,18,False,0,70,18
medium,19,True,130,130,152
high,11,True,120,140,125
low,14,True,0,0,0
medium,24,False,0,0,20
low,11,True,0,30,26
high,1,False,70,80,49
medium,11,False,0,0,18
medium,7,True,60,110,88
low,11,True,110,110,102
high,7,True,110,110,135
medium,4,True,0,0,8
medium,30,False,100,100,108
high,3,True,0,0,3
low,21,True,0,0,20
low,22,False,50,50,67
medium,19,False,90,90,113
low,28,True,0,140,24
low,0,False,0,60,10
low,9,True,60,60,106
low,5,False,0,0,24
high,17,True,130,30,143
medium,19,True,170,170,174
low,27,True,0,0,0
medium,11,False,60,50,58
medium,7,False,50,0,52
medium,28,True,140,140,171
high,20,False,0,0,15
high,23,False,0,0,4
low,13,True,0,0,9
low,13,False,30,30,34
medium,12,True,80,20,100
medium,23,False,100,100,104
medium,6,True,60,60,72
medium,30,True,160,160,186
medium,5,True,0,0,2
low,14,True,40,120,60
low,9,False,0,0,7
low,19,True,0,0,0
low,21,True,0,0,19
low,28,True,110,110,114
medium,24,False,0,0,14
low,7,False,0,0,0
low,6,True,0,0,18
medium,27,True,100,170,125
medium,15,True,0,10,0
low,3,False,0,0,14
medium,25,False,140,140,120
high,20,False,110,110,149
medium,0,False,60,100,72
medium,24,True,120,110,128
low,18,False,60,60,63
high,19,True,140,140,174
low,26,True,130,110,145
high,15,True,140,140,122
medium,14,True,80,70,73
low,19,False,0,0,10
low,6,True,50,50,59
medium,4,False,40,60,51
medium,26,False,0,10,6
low,6,False,0,0,19
medium,15,False,0,0,1
high,8,True,120,50,128
medium,7,True,80,100,88
medium,18,True,100,100,113
low,24,True,100,100,114
medium,13,False,0,20,5
low,4,True,0,20,3
high,7,True,110,110,101
low,5,True,0,0,0
medium,27,True,140,120,160
low,9,False,0,0,9
low,11,True,80,50,70
medium,2,False,20,20,21
medium,13,False,0,50,25
medium,28,False,80,80,103
high,12,True,100,60,94
high,20,False,70,70,75
high,5,True,0,0,14
low,4,True,0,0,4
medium,22,False,90,60,102
high,2,False,80,80,91
low,13,True,0,0,21
low,9,False,0,110,22
medium,0,True,50,110,57
medium,16,False,0,0,15
medium,29,False,110,240,134
high,2,True,90,90,111
medium,25,False,90,90,96
medium,16,False,100,100,93
low,22,False,0,0,22
medium,2,False,0,0,26
low,26,False,60,60,72
medium,0,True,60,100,62
medium,28,False,120,120,149
low,20,True,0,0,22
low,10,False,0,30,0
high,0,True,90,70,92
low,18,True,80,80,101
medium,2,False,0,0,2
medium,18,True,100,100,109
medium,23,True,120,100,113
low,8,False,0,0,5
medium,7,True,40,60,54
low,6,True,0,0,0
medium,6,True,0,0,0
low,3,True,0,90,19
medium,7,True,90,60,103
medium,20,True,90,90,124
low,9,True,60,60,103
low,24,True,0,0,5
low,25,True,0,40,33
low,23,False,0,0,19
low,16,False,0,10,4
high,9,True,0,0,0
medium,28,True,100,140,121
medium,6,False,0,30,10
high,14,False,90,160,111
low,14,True,100,110,112
medium,23,True,140,110,130
high,16,True,0,0,6
medium,24,False,130,150,137
medium,28,False,100,0,114
medium,12,False,100,100,113
low,27,True,90,90,84
medium,5,True,0,110,11
high,28,True,180,80,201
high,5,True,80,80,100
low,26,True,0,0,3
medium,12,False,0,0,7
low,29,True,140,140,169
high,4,False,70,0,71
low,14,True,80,0,83
high,27,True,170,170,184
medium,1,False,30,30,18
low,8,False,0,0,23
low,2,True,0,0,20
medium,9,False,0,0,15
low,12,True,0,0,0
medium,19,True,120,130,125
high,7,True,140,140,122
medium,4,True,0,60,21
low,5,False,0,0,21
medium,29,True,110,10,102
low,29,False,90,90,82
high,6,False,90,90,121
low,6,True,0,0,7
low,1,True,0,0,28
low,29,True,140,150,175
high,21,False,0,0,15
low,23,False,0,0,5
high,9,False,0,70,24
medium,19,True,150,110,168
medium,1,True,0,0,24
high,20,True,120,120,150
medium,17,True,130,130,122
high,10,False,0,0,16
low,22,True,0,0,24
medium,20,True,0,0,20
medium,13,True,140,140,162
medium,5,True,0,30,0
high,0,False,0,0,18
high,29,True,140,140,148
medium,8,False,70,0,88
medium,9,False,50,50,54
medium,21,False,100,100,89
low,7,False,0,50,14
low,11,False,0,70,32
low,22,False,70,70,71
low,18,True,0,60,18
low,20,True,40,10,70
medium,0,False,0,200,19
medium,13,True,0,0,4
high,14,True,170,140,190
medium,19,False,0,60,15
low,4,True,0,0,24
low,4,True,60,100,74
low,23,False,70,70,47
high,20,True,160,10,152
low,25,False,80,80,91
medium,8,True,70,70,65
high,30,False,130,220,119
high,8,False,0,0,3
low,20,True,0,0,10
low,5,True,0,0,5
low,28,True,0,40,0
low,10,True,60,60,68
low,24,True,120,120,142
medium,10,False,0,0,5
high,24,True,130,120,161
medium,14,False,50,30,58
medium,1,True,90,90,86
low,5,False,0,70,0
medium,21,True,130,140,132
medium,5,True,110,20,140
high,8,False,120,120,124
high,16,True,150,150,171
low,7,False,0,120,11
low,3,True,0,0,30
low,19,True,0,0,14
medium,21,True,0,0,3
high,22,False,140,140,152
low,29,True,110,70,118
medium,3,True,100,100,101
medium,13,True,100,130,106
low,7,True,70,0,92
low,27,True,0,0,11
medium,16,False,0,0,0
medium,3,True,70,70,87
medium,21,False,100,100,114
low,1,True,30,0,25
medium,8,True,0,0,6
low,22,True,110,70,121
high,15,True,150,320,180
low,23,True,0,0,19
low,17,True,50,0,67
medium,26,True,130,130,152
medium,17,False,140,140,171
medium,1,True,0,0,0
medium,2,True,60,60,59
high,24,True,160,270,158
medium,1,True,90,100,112
medium,11,False,0,0,21
medium,0,True,0,0,0
low,9,False,0,0,11
medium,18,True,110,60,103
low,5,True,0,0,8
medium,14,False,100,100,105
low,30,True,0,0,24
high,2,False,40,20,51
medium,1,True,80,140,102
high,8,False,40,40,55
medium,25,True,130,130,144
low,12,True,0,0,11
medium,19,False,0,10,21
medium,1,True,0,0,25
medium,22,True,140,100,141
medium,2,False,0,0,0
medium,22,False,0,0,11
high,4,False,80,80,109
medium,26,False,100,100,119
low,9,False,0,0,17
medium,5,False,50,110,41
medium,10,False,0,0,4
high,0,True,0,0,0
low,5,True,90,80,98
medium,18,False,100,100,76
medium,9,False,0,10,23
medium,10,True,0,0,26
medium,25,True,0,0,11
medium,3,True,0,0,0
low,12,True,0,0,14
medium,5,False,0,0,29
low,14,True,0,150,15
low,10,False,0,0,22
medium,1,False,60,60,65
medium,2,False,0,30,1
high,26,True,160,160,191
low,1,False,0,0,0
low,24,False,0,0,33
high,28,False,100,100,102
low,14,True,80,80,100
low,9,True,80,80,82
low,24,False,80,100,72
medium,30,True,170,170,179
high,3,True,90,100,81
medium,29,False,70,100,84
medium,29,False,130,130,142
low,4,True,40,20,59
low,1,True,0,10,2
medium,22,True,120,250,117
low,2,False,0,10,0
low,18,False,30,30,49
low,2,True,100,100,113
low,21,True,80,70,98
medium,7,True,90,70,96
medium,2,True,50,70,73
low,2,False,0,0,0
medium,5,True,0,0,0
medium,16,True,80,80,92
medium,2,True,0,10,7
medium,24,True,120,120,142
medium,18,False,80,80,88
medium,9,False,0,0,10
low,30,False,130,130,149
low,20,True,0,0,15
low,20,False,0,0,31
medium,5,True,90,140,97
low,22,False,30,0,37
low,17,False,0,0,12
medium,30,True,110,110,101
low,14,False,30,30,38
low,21,True,100,100,122
low,10,False,0,0,16
medium,1,True,0,0,13
low,3,True,80,80,102
low,26,True,120,110,136
low,22,True,0,0,24
medium,11,True,0,0,14
high,21,True,180,270,175
medium,0,False,0,0,0
medium,1,True,0,0,20
high,15,True,0,0,15
high,19,False,0,0,12
medium,29,False,130,30,139
high,23,True,90,90,114
high,7,True,110,110,116
medium,25,False,120,80,119
medium,15,False,0,0,9
low,25,True,80,80,98
low,5,False,0,0,0
medium,0,True,0,0,16
medium,1,True,0,0,3
medium,30,False,0,0,3
medium,2,False,0,0,19
medium,29,False,140,30,148
medium,22,True,120,120,147
low,4,True,70,0,79
low,26,True,0,0,0
medium,4,True,0,20,24
medium,4,True,60,20,74
high,17,True,150,60,138
high,8,True,80,80,94
high,9,False,50,50,71
low,6,True,0,0,12
medium,18,True,110,10,127
low,0,False,0,0,14
medium,7,True,70,60,78
high,17,False,150,150,136
low,15,True,90,130,107
medium,21,True,0,0,24
low,6,False,0,0,16
low,20,False,0,0,0
low,23,False,0,0,21
low,12,False,0,0,7
high,7,True,0,0,0
medium,17,False,0,0,20
medium,17,False,0,60,1
medium,2,False,0,160,28
low,17,True,80,60,110
low,4,True,0,0,8
medium,17,False,80,40,96
low,28,True,130,130,154
high,16,True,0,0,20
low,23,True,0,0,12
medium,9,True,70,70,100
medium,28,True,150,150,164
low,25,True,0,0,16
low,28,True,0,0,1
high,22,True,120,200,112
low,20,False,60,40,61
medium,16,True,130,130,139
medium,28,True,0,0,13
low,26,True,0,0,0
medium,12,True,0,0,17
medium,2,False,0,0,2
low,0,False,0,0,16
medium,7,True,90,90,114
low,1,True,0,0,6
low,6,True,70,30,72
medium,3,True,0,0,25
high,30,True,170,180,183
low,2,True,0,0,12
low,19,True,70,70,102
medium,10,False,0,0,11
medium,5,True,60,60,62
low,21,True,80,80,87
low,30,True,120,120,127
medium,24,True,130,130,145
low,30,True,0,0,24
low,18,True,0,0,10
low,20,True,90,80,120
medium,4,True,0,0,8
medium,26,False,100,100,102
high,23,False,120,120,127
medium,7,True,0,70,5
medium,10,True,90,90,93
high,18,False,110,110,131
medium,0,False,30,0,49
medium,25,True,100,100,111
high,8,True,0,60,27
low,2,True,0,10,0
medium,10,False,0,10,9
medium,25,True,140,140,166
low,8,True,0,0,9
medium,16,True,100,200,138
low,25,True,0,0,18
low,1,True,0,0,23
medium,23,False,80,80,100
low,8,True,80,170,88
medium,21,True,150,150,149
high,5,True,100,100,116
medium,4,False,0,0,0
low,24,True,0,0,9
low,25,True,110,110,125
low,30,True,110,110,136
low,20,False,50,110,62
high,14,False,110,110,160
medium,6,False,0,0,0
low,9,False,0,0,0
medium,20,True,0,0,6
low,10,True,80,80,102
low,14,True,0,0,9
low,5,False,0,0,0
medium,13,False,0,40,8
medium,7,True,0,0,0
low,3,False,0,0,0
high,4,True,120,120,126
high,16,True,150,150,156
medium,11,True,0,20,12
low,3,False,0,0,9
low,15,False,0,0,7
high,5,True,120,120,112
low,0,False,0,10,7
medium,4,False,30,30,44
medium,13,False,0,0,24
low,29,False,100,0,116
medium,7,True,80,180,87
high,8,False,0,0,20
medium,7,False,20,30,32
medium,11,False,0,0,4
high,22,True,0,0,12
medium,9,False,0,0,16
medium,20,False,0,130,10
medium,27,True,180,180,174
medium,29,False,120,150,125
low,17,True,0,0,30
low,22,True,100,100,99
low,28,True,0,0,16
medium,24,False,70,100,79
medium,9,False,0,0,16
medium,4,True,110,0,117
low,3,False,0,0,22
medium,27,True,120,260,131
high,17,True,140,80,124
low,9,False,0,0,0
medium,10,False,50,140,63
medium,8,False,60,70,61
medium,24,False,0,10,28
low,18,False,0,0,20
medium,27,True,130,90,159
high,9,True,120,120,146
medium,14,True,140,140,130
high,3,False,60,60,57
high,30,False,110,110,86
low,15,False,0,150,6
medium,17,True,130,130,167
medium,12,True,110,220,118
high,8,False,80,80,95
low,29,False,60,170,65
medium,15,True,110,30,115
high,20,True,170,190,192
low,1,True,0,0,0
medium,8,True,90,100,91
low,24,True,0,0,25
high,2,True,90,110,107
high,3,False,80,80,92
low,25,True,120,60,140
medium,9,True,100,50,104
low,8,True,0,0,19
medium,17,False,0,0,9
medium,6,True,0,0,16
medium,1,True,60,0,50
low,0,True,80,80,79
low,2,False,0,0,17
medium,4,False,90,90,105
medium,21,True,100,110,119
medium,9,True,0,50,22
low,2,True,0,0,0
low,0,False,30,0,50
high,14,False,90,90,92
low,26,True,140,290,153
low,10,True,70,70,80
high,1,False,0,60,2
low,7,False,0,0,18
medium,15,True,120,150,119
low,5,True,50,50,49
high,30,True,180,240,195
medium,23,False,100,100,110
high,10,False,0,0,1
low,29,False,0,20,20
medium,10,False,80,80,92
medium,4,True,80,80,76
low,29,True,90,170,109
low,29,True,130,130,138
low,9,False,0,0,0
high,18,False,0,0,0
medium,5,True,0,0,19
medium,19,True,120,0,127
medium,21,False,0,0,0
medium,22,False,0,0,16
medium,17,False,70,100,74
medium,21,True,0,0,2
medium,17,False,0,0,19
low,25,False,70,70,94
high,5,False,0,0,23
medium,14,False,0,0,22
low,12,False,0,20,13
medium,16,False,0,0,6
low,4,False,60,70,66
high,10,True,130,140,140
high,29,True,220,250,212
high,3,False,0,0,2
low,19,False,0,0,0
low,20,True,0,0,12
low,14,True,70,80,80
low,1,False,0,0,3
low,1,False,0,0,18
low,8,False,30,40,28
high,3,True,0,40,3
low,2,False,0,0,18
low,4,False,0,0,19
medium,5,True,0,0,2
medium,25,True,150,150,168
medium,19,False,110,110,128
medium,0,True,90,90,99
high,19,False,0,0,11
medium,4,False,0,0,16
medium,13,False,0,0,13
medium,1,True,60,60,72
medium,2,False,0,70,0
low,4,True,40,40,51
medium,13,False,0,60,16
low,14,True,0,0,17
medium,10,False,40,20,41
low,19,False,0,0,19
low,22,True,80,80,71
low,22,True,100,100,98
medium,17,False,0,0,7
low,16,True,0,0,0
medium,15,True,0,80,7
high,7,True,120,120,150
low,15,False,70,70,62
medium,0,False,0,0,6
low,29,True,130,0,129
low,11,False,10,60,40
medium,23,True,120,80,131
high,29,True,180,160,161
low,15,True,0,0,12
medium,26,True,170,100,189
low,14,True,0,0,20
medium,4,False,0,0,0
medium,0,True,90,60,115
medium,4,False,50,50,75
medium,29,True,150,150,173
low,14,True,100,100,113
medium,9,True,60,0,39
medium,13,False,70,120,67
medium,7,False,0,0,15
low,26,True,0,0,22
medium,30,True,170,170,185
medium,2,True,0,10,9
low,22,False,40,40,66
low,10,True,90,90,111
medium,1,False,0,80,6
medium,28,True,140,80,169
low,1,True,60,60,68
medium,6,False,0,0,0
medium,0,True,50,0,56
medium,14,True,90,90,93
medium,18,False,0,0,6
medium,9,True,0,100,18
medium,2,True,50,50,63
high,3,True,100,100,127
medium,28,True,140,140,156
medium,24,False,110,110,102
medium,29,True,140,140,133
medium,16,False,0,0,6
low,16,False,80,80,81
medium,24,False,0,10,8
medium,19,False,80,80,94
high,13,False,0,0,9
medium,9,False,50,130,48
medium,15,True,0,0,2
high,1,True,100,50,135
medium,5,False,60,60,78
low,22,True,0,60,16
low,26,False,0,0,0
low,3,True,40,40,51
low,3,False,0,0,14
medium,2,True,0,0,10
medium,24,False,0,0,4
medium,9,True,70,70,76
low,10,True,0,110,4
medium,0,False,0,0,0
low,30,False,120,150,125
high,13,False,0,120,19
low,24,False,120,120,132
medium,21,True,120,20,143
low,4,False,0,0,14
medium,24,True,150,90,193
medium,17,True,80,90,102
medium,18,True,100,110,129
low,6,True,0,0,10
high,26,False,0,0,6
medium,28,False,110,60,133
medium,12,True,80,70,97
medium,2,False,0,0,2
high,26,True,180,180,172
low,27,True,110,40,126
low,15,False,40,0,32
low,17,True,0,40,1
low,6,True,0,0,14
medium,2,False,0,0,0
high,29,True,170,140,148
high,14,True,110,110,128
medium,8,False,0,0,15
medium,21,True,130,320,143
high,0,False,0,0,26
high,2,False,80,80,91
low,7,True,50,10,57
medium,13,True,80,80,73
medium,11,True,0,50,6
low,5,False,70,70,85
medium,10,True,110,60,125
high,10,False,90,90,100
high,16,True,140,130,130
high,17,False,70,120,93
medium,27,True,120,120,126
low,25,True,60,60,75
low,9,True,0,0,3
medium,27,False,0,0,9
medium,16,False,0,0,5
medium,5,True,90,90,104
medium,10,True,60,90,63
medium,22,True,120,120,140
medium,25,True,170,170,153
low,11,False,50,50,66
low,4,False,0,0,22
low,5,False,0,0,19
low,3,True,80,140,101
high,21,True,150,60,164
medium,15,False,0,0,17
low,13,True,0,0,16
medium,20,False,0,0,17
medium,25,True,130,80,130
low,24,True,110,110,108
low,4,False,0,20,11
low,18,True,0,0,7
medium,27,False,110,130,109
low,23,True,120,90,118
low,10,True,0,0,12
low,12,True,140,140,154
medium,27,True,130,130,147
low,1,True,0,60,38
medium,16,True,0,0,1
low,3,False,0,0,14
medium,27,False,0,0,23
medium,1,True,80,80,101
medium,0,True,0,0,17
low,10,True,0,0,21
medium,6,False,0,0,11
high,15,False,90,90,129
low,9,True,0,10,23
low,11,True,120,240,132
high,17,True,120,120,133
medium,17,True,0,0,0
low,28,True,0,0,25
low,14,False,0,0,12
medium,17,True,0,60,23
medium,21,True,140,140,163
medium,5,True,0,40,0
high,20,False,160,130,192
medium,26,True,140,140,142
low,9,True,50,50,51
medium,5,True,0,110,21
low,10,False,0,0,30
low,8,True,0,60,8
low,18,False,30,30,38
low,26,True,80,80,90
medium,18,True,100,70,98
low,3,False,40,60,45
medium,9,False,0,0,28
medium,21,True,150,220,150
medium,10,False,0,100,2
medium,18,True,110,150,114
medium,21,True,140,250,164
medium,10,False,0,0,0
low,20,False,30,100,42
medium,12,True,110,110,145
medium,4,False,30,30,60
low,11,True,70,90,81
low,13,True,0,0,23
low,0,False,0,0,23
medium,27,True,160,160,170
medium,16,False,0,0,19
low,1,False,0,0,28
medium,26,False,0,0,0
high,26,True,160,260,163
low,0,False,0,0,14
high,5,False,70,70,82
low,11,False,0,0,10
high,15,True,0,0,12
high,22,True,160,110,186
low,13,True,0,0,21
medium,18,True,0,0,15
high,0,True,110,140,126
high,20,False,0,0,2
high,28,False,140,210,148
medium,16,True,130,130,141
low,14,True,110,90,113
medium,9,False,70,70,89
medium,29,True,0,30,14
medium,1,False,60,60,90
medium,8,True,70,30,67
medium,4,True,0,0,2
low,26,True,0,80,21
medium,14,False,40,40,55
low,28,True,0,0,8
medium,20,False,0,0,17
medium,17,True,0,0,17
medium,16,True,110,110,92
medium,6,False,60,60,92
low,17,True,0,0,6
high,21,True,150,150,178
medium,29,True,140,140,125
low,17,False,50,70,58
low,29,True,0,0,8
low,29,True,0,0,0
medium,16,False,0,0,17
high,13,False,0,0,0
medium,4,False,0,0,7
low,8,False,0,40,21
high,27,False,100,150,104
low,4,True,0,0,1
high,12,True,0,0,18
low,21,False,0,0,8
medium,7,False,0,0,6
high,30,False,120,150,148
low,20,False,0,0,0
medium,0,True,0,0,5
high,7,True,90,250,109
low,22,False,0,0,0
low,26,True,110,200,130
medium,28,False,0,0,8
low,26,False,130,190,161
low,2,True,0,0,19
medium,22,False,100,30,112
medium,3,False,0,0,5
low,2,False,0,0,10
low,21,True,110,110,131
medium,14,False,60,60,49
medium,20,True,0,0,0
medium,26,True,120,120,149
medium,2,True,0,120,3
high,16,False,130,130,138
medium,25,False,90,90,90
low,13,True,0,0,8
high,16,False,0,0,24
medium,15,True,90,100,103
low,28,False,0,0,6
low,1,True,0,0,7
medium,27,False,100,100,114
low,25,True,0,0,3
low,25,False,0,0,5
low,12,True,0,0,27
medium,15,False,70,20,93
medium,11,False,70,50,76
medium,7,True,90,90,128
low,27,True,0,0,0
low,15,False,0,110,24
medium,22,False,60,10,83
low,3,True,0,10,32
medium,24,True,130,130,164
low,20,True,130,160,138
low,30,False,0,0,23
low,4,False,0,130,4
medium,16,True,110,110,121
low,15,False,0,120,9
medium,16,False,90,90,111
low,1,False,0,40,1
medium,14,True,0,90,0
medium,9,True,60,120,76
low,19,True,0,0,17
medium,7,True,120,120,117
low,13,True,0,130,17
medium,19,True,130,50,166
low,1,True,70,210,92
medium,24,False,0,0,14
high,22,True,130,130,133
low,1,False,0,0,27
medium,2,True,100,110,107
medium,26,False,0,0,19
low,8,True,80,80,111
medium,26,False,100,90,135
medium,15,False,0,0,0
high,10,True,120,160,132
high,8,False,0,0,7
low,20,True,120,120,145
medium,3,False,0,0,14
medium,12,True,0,0,32
low,10,True,0,10,14
low,4,True,0,0,7
high,10,False,100,110,87
low,16,True,0,0,22
medium,21,False,0,0,10
medium,2,True,0,0,0
low,27,True,0,0,10
medium,27,True,150,150,127
high,21,False,130,130,141
medium,28,False,110,170,134
low,13,True,0,0,1
low,25,False,0,0,5
high,22,True,140,120,142
low,17,True,60,160,53
medium,5,True,90,100,79
low,17,True,0,0,5
medium,27,True,0,110,1
high,30,False,150,150,184
medium,13,True,100,100,102
high,7,False,90,60,113
low,23,False,80,80,109
medium,2,False,0,0,17
high,4,False,90,90,102
medium,17,False,0,0,17
low,30,True,110,280,126
high,10,True,110,110,123
low,13,True,0,30,10
medium,9,False,0,0,0
high,13,True,150,150,154
low,0,False,0,70,10
low,18,False,0,0,24
low,18,True,0,0,19
low,9,False,0,0,4
low,8,True,0,90,22
medium,23,True,110,60,89
low,5,False,0,30,29
medium,1,True,60,60,54
low,1,True,0,0,15
low,27,True,0,0,14
low,11,True,100,160,125
medium,3,False,0,0,7
medium,27,False,100,160,96
low,4,True,50,50,55
high,10,True,130,140,116
medium,0,True,90,90,82
low,21,False,0,0,10
high,21,False,110,110,104
low,23,True,0,0,16
low,8,True,80,80,82
medium,10,False,0,0,30
low,29,False,0,0,7
low,25,True,0,0,14
medium,1,False,40,10,47
low,21,True,110,110,103
medium,25,True,160,160,189
high,17,False,0,0,18
medium,19,True,110,140,145
medium,0,True,60,0,68
medium,0,False,0,110,0
high,1,False,0,0,16
low,4,True,0,0,14
low,30,False,0,0,18
medium,19,False,100,60,103
medium,24,False,100,100,90
low,9,False,0,0,15
medium,29,False,0,0,10
low,6,True,80,230,104
high,27,True,0,0,10
low,0,False,0,0,10
low,0,False,0,0,14
low,2,True,0,0,4
low,24,True,0,0,4
low,7,False,0,0,9
low,13,True,0,0,1
low,14,True,0,0,8
low,24,False,90,90,127
low,10,False,0,50,20
low,0,False,0,0,13
low,11,False,0,130,26
low,8,True,0,140,2
low,22,False,0,0,35
low,23,True,90,90,105
low,2,True,0,0,30
medium,24,False,0,0,30
high,2,False,0,0,0
high,19,False,0,0,25
medium,12,True,120,0,126
medium,9,False,0,0,4
low,14,False,0,0,15
medium,9,False,50,50,50
medium,24,False,0,0,15
medium,29,True,140,250,137
high,25,False,100,70,114
medium,13,False,90,90,109
medium,15,False,70,160,83
medium,13,False,100,100,101
low,24,False,0,0,15
high,17,True,130,100,134
low,14,True,70,10,81
high,12,False,80,70,93
medium,11,False,0,0,18
low,17,False,90,90,99
medium,21,True,130,130,142
low,13,True,0,0,10
medium,25,False,70,70,59
medium,25,False,0,0,25
medium,13,True,90,90,98
high,28,False,0,0,14
low,5,True,0,0,9
low,28,True,70,170,88
medium,9,True,90,10,83
low,17,True,110,110,131
medium,8,True,120,120,138
low,13,False,0,0,20
low,10,False,0,0,12
medium,21,False,80,60,88
high,2,True,100,100,139
low,25,True,0,0,0
high,28,True,200,200,200
medium,17,False,0,30,13
low,16,True,80,220,84
medium,21,False,120,150,142
medium,6,False,0,0,5
low,23,False,0,0,14
medium,6,True,0,0,13
low,20,True,70,70,105
low,9,True,60,160,78
medium,23,True,0,0,15
medium,24,False,0,50,16
medium,6,True,90,40,107
low,19,False,0,0,0
high,15,True,150,170,141
medium,9,False,40,40,27
high,18,False,0,60,16
medium,30,True,130,130,144
low,0,False,50,230,54
medium,29,True,180,160,205
low,26,False,0,0,3
medium,16,False,70,70,82
medium,18,False,50,50,64
low,11,False,0,0,26
high,4,True,0,10,1
low,17,False,0,0,13
medium,25,False,0,0,18
medium,7,True,80,20,108
low,22,True,0,30,16
medium,23,False,0,0,18
medium,23,False,110,140,115
low,10,True,0,20,27
medium,12,False,80,80,84
low,12,False,0,0,8
medium,26,True,140,40,171
low,27,True,130,330,118
high,12,False,0,100,13
high,30,False,120,230,107
low,17,False,0,0,35
low,11,True,40,40,68
medium,0,False,0,0,9
medium,18,False,80,0,104
medium,19,False,110,80,129
low,30,True,120,120,138
low,22,False,0,0,11
high,0,True,100,40,101
medium,17,True,0,0,0
high,23,False,130,130,150
medium,15,False,0,0,10
high,13,True,150,160,156
low,25,False,70,90,73
low,18,True,0,30,6
high,21,True,110,110,125
high,14,True,120,120,136
low,8,True,0,0,24
low,16,False,0,0,15
medium,29,False,0,0,8
medium,18,False,70,60,93
low,21,True,0,60,0
high,3,True,120,10,162
low,30,True,100,100,99
medium,7,False,0,0,32
low,30,True,100,100,114
low,13,True,0,0,0
medium,28,False,0,120,14
low,27,False,110,110,114
medium,23,True,150,150,155
low,28,True,0,0,12
high,18,False,130,70,139
medium,26,True,0,50,0
high,5,True,70,70,83
low,2,False,0,0,0
low,16,True,70,40,71
low,25,True,0,0,6
medium,23,True,110,60,123
low,16,True,80,80,101
low,16,True,0,0,20
low,18,True,0,30,24
low,26,False,50,60,64
low,26,True,0,0,14
low,3,False,0,0,35
low,18,False,80,50,78
medium,11,True,90,110,102
low,24,True,90,90,101
low,15,False,70,100,91
medium,30,False,130,130,128
medium,13,False,70,50,99
low,21,True,0,0,16
medium,3,True,0,0,18
high,28,True,160,200,177
medium,4,False,50,80,77
high,11,False,0,90,10
medium,25,True,150,210,162
low,29,False,0,0,3
medium,15,True,130,80,133
medium,15,False,100,100,123
high,1,True,110,110,123
medium,30,False,0,0,16
low,0,False,0,0,15
medium,0,False,0,0,22
low,14,True,0,140,0
medium,0,False,0,0,19
medium,5,False,70,200,77
medium,19,True,120,150,131
high,21,True,150,150,152
medium,9,False,0,0,20
medium,24,True,140,140,164
medium,18,True,0,0,9
medium,7,True,0,0,0
high,22,True,160,160,150
low,18,True,80,80,89
medium,25,False,100,40,104
low,4,True,0,0,9
high,7,False,0,90,37
medium,9,True,80,80,95
medium,10,True,110,120,115
low,27,True,120,120,110
low,22,False,0,110,0
medium,16,False,0,0,18
low,16,True,70,70,70
low,27,True,90,120,115
high,13,True,160,100,168
medium,6,True,0,0,46
low,4,False,0,0,5
low,10,True,100,190,119
high,20,False,0,0,2
medium,14,False,0,0,21
medium,13,True,100,100,115
low,14,False,30,0,30
low,30,True,120,120,129
low,30,False,100,100,118
medium,5,True,0,0,24
low,3,False,0,30,0
low,7,True,60,30,68
medium,26,True,180,130,209
high,14,False,0,0,9
medium,26,True,150,130,162
medium,20,True,110,80,126
medium,17,False,0,0,0
medium,8,True,0,0,2
low,10,False,50,160,60
medium,4,False,0,0,23
medium,16,False,0,0,21
medium,8,True,110,150,130
high,9,True,0,0,10
high,1,False,0,0,22
low,24,True,90,90,100
low,29,True,130,130,140
low,15,True,90,90,116
low,16,True,70,70,96
low,28,False,0,40,10
low,15,False,0,0,7
medium,19,False,0,0,24
medium,13,False,80,80,99
high,15,True,110,90,115
low,16,True,110,110,109
low,22,True,100,100,123
medium,18,False,110,110,115
low,15,True,0,0,0
low,2,False,0,0,8
high,28,True,170,170,181
low,27,False,0,0,0
low,5,False,0,0,12
medium,9,False,0,0,13
medium,30,True,150,220,143
medium,9,False,40,80,69
low,25,True,130,130,155
medium,24,True,120,120,128
low,26,True,140,140,126
medium,0,True,30,30,26
medium,14,False,0,0,15
high,17,True,170,170,205
low,25,True,90,120,83
medium,6,False,0,40,11
low,9,False,0,0,0
low,5,False,0,0,3
low,23,False,0,0,12
medium,30,True,120,100,114
low,4,False,0,0,0
medium,7,True,0,0,0
low,9,True,0,0,0
high,27,True,140,0,171
medium,13,False,90,160,113
low,8,True,80,100,97
low,9,False,20,20,18
low,18,True,0,0,20
high,11,True,0,0,17
low,4,True,0,0,10
medium,25,True,140,140,151
medium,13,True,120,120,126
medium,7,False,0,0,12
medium,22,True,110,110,143
medium,23,True,150,150,172
high,4,False,0,0,7
low,2,True,50,50,68
medium,1,True,40,80,37
low,23,True,0,0,17
medium,19,True,140,100,140
high,24,True,140,140,174
medium,19,False,0,0,40
medium,12,True,0,20,4
low,18,False,50,0,86
medium,22,True,120,170,159
low,12,False,0,40,3
medium,28,False,90,90,100
medium,27,True,150,150,179
low,24,True,130,130,152
low,30,True,110,110,114
low,12,False,0,0,8
low,3,False,0,0,14
low,15,True,0,0,10
high,23,False,110,200,124
medium,24,True,0,0,28
low,12,True,90,60,91
medium,9,False,0,0,16
medium,13,True,100,30,104
low,24,True,120,130,118
low,1,False,30,30,51
low,10,True,60,60,61
low,7,False,0,0,0
medium,24,True,160,180,191
high,14,True,0,0,9
low,2,True,0,0,0
medium,8,False,0,10,0
low,1,True,0,0,29
medium,14,True,110,80,129
medium,30,False,80,110,91
low,17,False,0,0,32
low,26,False,0,0,20
medium,23,False,110,110,142
high,27,True,150,150,145
low,9,False,0,80,0
low,29,False,0,0,16
low,7,False,0,0,14
medium,13,False,0,0,22
